q;we;r;e;e;r;w;e;fs;sfs;fsfs;fsfsfss;fs;fs;fs;fs;fs;fs;fs;sff;ss
sf;fs;fsf;we;er;e;e;w;fsfs;sd;sdf;sf;df;fs;fs;fs;fs;fs;fs;fs;sf
fsfs;sfds;w;sf;e;rw;r;e;sfs;sfsdf;sdfs;f;sdf;sdf;sdf;sdf;sdf;sd;fsf;sf;s
fs;sfs;sd;fw;w;w;w;w;sfsf;sd;sd;sd;sf;sf;sdf;sdf;sdf;sf;f;fs;dfs
ffs;f;sf;fsf;fsf;sfs;sfs;sfsf;sfsf;s;sf;sf;sf;sf;sf;s;fs;df;fs;fs;fs
sf;sf;sfsf;sfs;sfsf;sff;fsfs;fsfs;fsf;fsf;fs;e;sf;f;e;sdf;sf;sf;sf;f;s
sf;fs;sf;fs;sfs;fsf;fs;fs;fs;s;sf;f;sf;sf;sfs;sf;ss;fss;fss;fsf;s
sf;s;fs;fs;fs;fs;df;sdf;sd;fg;dsg;gs;gs;dg;sdg;sdg;sdg;sdg;s;hd;fd
g;gsd;ds;dsg;dsg;dsg;gsdg;ds;sdg;sdfg;wefgsdg;sdf;sf;f;fs;fs;fsd;fsd;s;hfhdf;gf
sfsdf;sdf;sdf;sdf;sdf;sdf;sdf;sdf;sdf;sdf;sd;fds;fsd;fsd;fsd;fs;fs;fs;fs;hdf;gd
gd;gsd;gsd;gds;sdf;sdf;sdf;f;fsd;fsd;fsd;fsd;fsd;fsd;fsd;fsd;fsd;fsd;fsd;hfd;dg
gd;dg;g;g;fsf;dsf;fsf;fsf;fs;fs;fs;fs;sf;sgs;gh;fhf;fh;fh;fh;d;dg
